id,account_id,action,timestamp
1,4,"Đăng nhập hệ thống","2025-06-22 10:45:44"
2,4,"Xem đơn hàng #1","2025-06-22 10:50:44"
3,4,"Tìm kiếm sản phẩm "hạt kê"","2025-06-22 10:55:44"
4,4,"Thêm sản phẩm vào giỏ","2025-06-22 11:00:44"
5,4,"Đặt đơn hàng #2","2025-06-22 11:05:44"
6,4,"Thanh toán đơn hàng #2","2025-06-22 11:06:44"
7,4,"Xem lịch sử đơn hàng","2025-06-22 11:15:44"
8,4,"Cập nhật thông tin tài khoản","2025-06-22 11:25:44"
9,4,"Đổi mật khẩu","2025-06-22 11:30:44"
10,4,"Đăng xuất hệ thống","2025-06-22 11:35:44"
43,1,"Gửi đánh giá sản phẩm","2025-07-02 13:41:11"
44,1,"Gửi đánh giá sản phẩm","2025-07-02 13:43:02"
45,1,"Gửi đánh giá sản phẩm","2025-07-02 13:43:06"
46,1,"Gửi đánh giá sản phẩm","2025-07-02 13:43:07"
47,1,"Gửi đánh giá sản phẩm","2025-07-02 13:43:07"
48,1,"Gửi đánh giá sản phẩm","2025-07-02 13:43:08"
49,1,"Gửi đánh giá sản phẩm","2025-07-02 13:43:08"
50,1,"Gửi đánh giá sản phẩm","2025-07-02 13:47:53"
68,1,"Gửi đánh giá sản phẩm","2025-07-03 09:48:06"
69,1,"Gửi đánh giá sản phẩm","2025-07-03 09:48:31"
70,1,"Gửi đánh giá sản phẩm","2025-07-03 09:48:46"
71,1,"Đăng nhập thành công","2025-07-03 09:51:40"
73,1,"Đăng nhập thành công","2025-07-03 09:52:15"
75,1,"Đăng nhập thành công","2025-07-03 10:19:26"
76,1,"Đăng nhập thành công","2025-07-03 10:37:26"
78,1,"Đăng nhập thành công","2025-07-03 10:45:59"
79,1,"Đăng nhập thành công","2025-07-03 10:53:57"
80,2,"Gửi đánh giá sản phẩm","2025-07-03 13:28:32"
81,8,"Đăng nhập thành công","2025-07-03 13:38:33"
82,2,"Gửi đánh giá sản phẩm","2025-07-03 14:03:37"
83,1,"Gửi đánh giá sản phẩm","2025-07-03 14:03:55"
84,1,"Đăng nhập thành công","2025-07-03 14:12:03"
85,1,"Gửi đánh giá sản phẩm","2025-07-03 14:12:23"
86,1,"Gửi đánh giá sản phẩm","2025-07-03 14:13:38"
87,1,"Gửi đánh giá sản phẩm","2025-07-03 14:13:41"
88,1,"Gửi đánh giá sản phẩm","2025-07-03 14:13:42"
89,1,"Gửi đánh giá sản phẩm","2025-07-03 14:13:43"
90,1,"Gửi đánh giá sản phẩm","2025-07-03 14:13:44"
91,1,"Gửi đánh giá sản phẩm","2025-07-03 14:13:45"
92,1,"Gửi đánh giá sản phẩm","2025-07-03 14:13:46"
93,1,"Gửi đánh giá sản phẩm","2025-07-03 14:13:47"
94,1,"Gửi đánh giá sản phẩm","2025-07-03 14:14:26"
95,1,"Gửi đánh giá sản phẩm","2025-07-03 14:22:39"
96,1,"Gửi đánh giá sản phẩm","2025-07-03 14:55:13"
101,2,"Gửi đánh giá sản phẩm","2025-07-03 15:10:28"
102,2,"Gửi đánh giá sản phẩm","2025-07-03 15:14:55"
103,1,"Đăng nhập thành công","2025-07-03 15:19:23"
104,2,"Tạo đơn hàng","2025-07-03 17:26:14"
105,2,"Tạo đơn hàng","2025-07-03 17:26:24"
106,2,"Tạo đơn hàng","2025-07-03 17:26:29"
107,2,"Tạo đơn hàng","2025-07-03 17:31:25"
108,2,"Tạo đơn hàng","2025-07-03 17:35:56"
109,2,"Tạo đơn hàng","2025-07-03 17:36:17"
110,2,"Tạo đơn hàng","2025-07-03 17:38:46"
111,2,"Tạo đơn hàng","2025-07-03 17:38:47"
112,2,"Tạo đơn hàng","2025-07-03 17:39:10"
113,2,"Tạo đơn hàng","2025-07-03 17:45:44"
114,2,"Tạo đơn hàng","2025-07-03 17:47:34"
115,2,"Tạo đơn hàng","2025-07-03 17:49:28"
116,2,"Tạo đơn hàng","2025-07-03 17:53:53"
118,2,"Tạo đơn hàng","2025-07-03 18:21:17"
119,2,"Tạo đơn hàng","2025-07-03 18:21:29"
120,3,"Tạo đơn hàng","2025-07-04 00:29:40"
121,3,"Tạo đơn hàng","2025-07-04 00:34:45"
125,2,"Tạo đơn hàng","2025-07-04 00:59:49"
126,2,"Thanh toán đơn hàng","2025-07-04 00:59:54"
127,2,"Thanh toán đơn hàng","2025-07-04 00:59:55"
128,2,"Tạo đơn hàng","2025-07-04 01:09:28"
129,2,"Thanh toán đơn hàng","2025-07-04 01:09:29"
130,2,"Tạo đơn hàng","2025-07-04 01:18:48"
131,2,"Thanh toán đơn hàng","2025-07-04 01:18:49"
132,2,"Tạo đơn hàng","2025-07-04 01:19:23"
133,2,"Thanh toán đơn hàng","2025-07-04 01:19:24"
134,2,"Tạo đơn hàng","2025-07-04 01:22:14"
135,2,"Thanh toán đơn hàng","2025-07-04 01:22:15"
136,2,"Tạo đơn hàng","2025-07-04 01:26:38"
137,2,"Thanh toán đơn hàng","2025-07-04 01:26:39"
138,2,"Tạo đơn hàng","2025-07-04 01:27:00"
139,2,"Thanh toán đơn hàng","2025-07-04 01:27:01"
140,2,"Tạo đơn hàng","2025-07-04 01:27:22"
141,2,"Thanh toán đơn hàng","2025-07-04 01:27:23"
142,2,"Tạo đơn hàng","2025-07-04 01:35:43"
143,2,"Thanh toán đơn hàng","2025-07-04 01:35:43"
145,2,"Xem lịch sử đơn hàng","2025-07-04 01:44:45"
146,2,"Xem lịch sử đơn hàng","2025-07-04 01:44:46"
147,2,"Xem lịch sử đơn hàng","2025-07-04 01:44:59"
148,2,"Xem lịch sử đơn hàng","2025-07-04 01:45:00"
149,2,"Xem lịch sử đơn hàng","2025-07-04 01:45:25"
150,2,"Xem lịch sử đơn hàng","2025-07-04 01:45:26"
151,2,"Xem lịch sử đơn hàng","2025-07-04 01:45:34"
152,2,"Xem lịch sử đơn hàng","2025-07-04 01:45:35"
154,2,"Tạo đơn hàng","2025-07-04 03:00:38"
155,2,"Thanh toán đơn hàng","2025-07-04 03:00:39"
156,2,"Tạo đơn hàng","2025-07-04 03:01:33"
157,2,"Thanh toán đơn hàng","2025-07-04 03:01:33"
158,2,"Tạo đơn hàng","2025-07-04 03:01:43"
159,2,"Thanh toán đơn hàng","2025-07-04 03:01:44"
161,2,"Tạo đơn hàng","2025-07-04 03:02:53"
162,2,"Thanh toán đơn hàng","2025-07-04 03:02:54"
173,1,"Đăng nhập thành công","2025-07-04 03:06:21"
175,2,"Xem lịch sử đơn hàng","2025-07-04 03:06:57"
176,2,"Xem lịch sử đơn hàng","2025-07-04 03:06:59"
177,2,"Xem lịch sử đơn hàng","2025-07-04 03:07:02"
178,2,"Xem lịch sử đơn hàng","2025-07-04 03:07:03"
182,2,"Tạo đơn hàng","2025-07-04 03:10:18"
183,2,"Thanh toán đơn hàng","2025-07-04 03:10:18"
184,1,"Đăng nhập thành công","2025-07-04 03:10:35"
185,1,"Đăng nhập thành công","2025-07-04 03:11:12"
186,1,"Đăng nhập thành công","2025-07-04 03:11:43"
187,8,"Đăng nhập thành công","2025-07-04 03:12:35"
189,2,"Tạo đơn hàng","2025-07-04 03:15:19"
190,2,"Thanh toán đơn hàng","2025-07-04 03:15:20"
192,2,"Xem lịch sử đơn hàng","2025-07-04 03:15:34"
193,2,"Xem lịch sử đơn hàng","2025-07-04 03:15:34"
194,2,"Xem lịch sử đơn hàng","2025-07-04 03:15:42"
195,2,"Xem lịch sử đơn hàng","2025-07-04 03:15:42"
196,2,"Xem lịch sử đơn hàng","2025-07-04 03:15:52"
197,2,"Xem lịch sử đơn hàng","2025-07-04 03:15:53"
198,2,"Tạo đơn hàng","2025-07-04 03:22:23"
199,2,"Thanh toán đơn hàng","2025-07-04 03:22:23"
204,11,"Đăng nhập thành công","2025-07-04 03:34:35"
205,11,"Xem hồ sơ người dùng","2025-07-04 03:34:40"
206,11,"Xem hồ sơ người dùng","2025-07-04 03:34:41"
207,11,"Cập nhật hồ sơ người dùng","2025-07-04 03:35:02"
208,12,"Đăng nhập thành công","2025-07-04 03:35:56"
210,7,"Tạo đơn hàng","2025-07-04 03:36:44"
211,7,"Thanh toán đơn hàng","2025-07-04 03:36:45"
212,7,"Tạo đơn hàng","2025-07-04 03:37:10"
213,7,"Thanh toán đơn hàng","2025-07-04 03:37:10"
214,13,"Đăng nhập thành công","2025-07-04 03:40:35"
215,13,"Đăng nhập thành công","2025-07-04 03:40:47"
216,13,"Xem hồ sơ người dùng","2025-07-04 03:40:55"
217,13,"Xem hồ sơ người dùng","2025-07-04 03:40:55"
226,1,"Đăng nhập thành công","2025-07-04 03:47:15"
229,8,"Đăng nhập thành công","2025-07-04 04:01:50"
234,8,"Đăng nhập thành công","2025-07-04 04:05:27"
237,8,"Đăng nhập thành công","2025-07-04 04:10:37"
242,1,"Đăng nhập thành công","2025-07-04 04:12:50"
243,8,"Đăng nhập thành công","2025-07-04 04:14:14"
246,1,"Đăng nhập thành công","2025-07-04 06:31:19"
248,2,"Đăng nhập thành công","2025-07-05 14:47:36"
249,2,"Viewed dashboard - top-selling products","2025-07-05 14:49:36"
250,2,"Đăng nhập thành công","2025-07-05 15:27:16"
251,2,"Đăng nhập thành công","2025-07-05 15:43:19"
252,2,"Đăng nhập thành công","2025-07-05 15:51:41"
253,2,"ShopOwner tạo sản phẩm mới: 41","2025-07-05 15:52:09"
254,1,"Đăng nhập thành công","2025-07-06 12:06:20"
255,1,"Tạo bản tin: Tram Chim national park","2025-07-06 12:06:30"
256,1,"Đăng nhập thành công","2025-07-07 08:03:09"
257,1,"Đăng nhập thành công","2025-07-07 10:53:30"
258,1,"Đăng nhập thành công","2025-07-07 10:59:47"
259,1,"Đăng nhập thành công","2025-07-07 11:08:14"
260,1,"Đăng nhập thành công","2025-07-07 11:09:43"
261,1,"Đăng nhập thành công","2025-07-07 12:13:30"
262,1,"Đăng nhập thành công","2025-07-07 12:26:30"
263,1,"Đăng nhập thành công","2025-07-07 12:48:55"
266,1,"Đăng nhập thành công","2025-07-07 12:58:05"
268,1,"Gửi đánh giá sản phẩm","2025-07-07 13:02:08"
270,2,"Gửi đánh giá sản phẩm","2025-07-07 13:02:43"
273,2,"Đăng nhập thành công","2025-07-07 13:15:04"
274,7,"Thanh toán đơn hàng","2025-07-07 13:44:14"
275,11,"Đăng nhập thành công","2025-07-07 13:59:39"
276,1,"Đăng nhập thành công","2025-07-07 13:59:52"
278,1,"Tạo tài khoản mới","2025-07-07 14:29:05"
279,1,"Tạo tài khoản mới","2025-07-07 14:30:26"
280,1,"Tạo tài khoản mới","2025-07-07 14:36:41"
281,1,"Tạo tài khoản mới","2025-07-07 14:44:58"
282,1,"Tạo tài khoản mới","2025-07-07 14:52:20"
283,1,"Cập nhật tài khoản","2025-07-07 14:56:38"
284,1,"Xóa tài khoản","2025-07-07 15:04:40"
285,1,"Đăng nhập thành công","2025-07-08 13:23:44"
286,1,"Đăng nhập thành công","2025-07-08 13:32:04"
287,1,"Tạo tài khoản mới","2025-07-08 15:17:22"
288,1,"Tạo tài khoản mới","2025-07-08 15:18:59"
289,1,"Cập nhật tài khoản","2025-07-08 15:31:59"
290,1,"Cập nhật tài khoản","2025-07-08 15:36:29"
291,1,"Cập nhật tài khoản","2025-07-08 15:45:42"
293,1,"Cập nhật tài khoản","2025-07-08 15:47:00"
294,1,"Cập nhật tài khoản","2025-07-08 15:47:28"
295,1,"Cập nhật tài khoản","2025-07-08 15:47:43"
297,1,"Cập nhật tài khoản","2025-07-08 15:48:27"
299,1,"Cập nhật tài khoản","2025-07-08 15:50:42"
307,1,"Đăng nhập thành công","2025-07-08 15:52:46"
308,1,"Hủy kích hoạt","2025-07-08 16:03:04"
309,1,"Kích hoạt","2025-07-08 16:07:54"
310,1,"Hủy kích hoạt","2025-07-08 16:13:14"
311,1,"Kích hoạt","2025-07-08 16:13:25"
312,1,"Hủy kích hoạt","2025-07-08 16:13:29"
313,1,"Kích hoạt","2025-07-08 16:13:31"
314,2,"Đăng nhập thành công","2025-07-08 16:18:06"
315,2,"Đăng nhập thành công","2025-07-08 16:19:44"
316,2,"Viewed dashboard - top-selling products","2025-07-08 16:21:29"
317,1,"Đăng nhập thành công","2025-07-08 16:25:34"
318,1,"Hủy kích hoạt","2025-07-08 16:25:40"
319,1,"Kích hoạt","2025-07-08 16:25:43"
320,1,"Hủy kích hoạt","2025-07-08 16:26:11"
321,1,"Kích hoạt","2025-07-08 16:26:13"
322,1,"Hủy kích hoạt","2025-07-08 16:27:57"
323,1,"Kích hoạt","2025-07-08 16:28:00"
324,1,"Hủy kích hoạt","2025-07-08 16:30:00"
325,1,"Kích hoạt","2025-07-08 16:30:03"
326,2,"Đăng nhập thành công","2025-07-08 16:35:38"
327,2,"Viewed dashboard - top-selling products","2025-07-08 16:35:39"
328,2,"Viewed dashboard - top-selling products","2025-07-08 16:35:39"
329,2,"Viewed dashboard - top-selling products","2025-07-08 16:37:50"
330,2,"Viewed dashboard - top-selling products","2025-07-08 16:39:58"
331,2,"Viewed dashboard - top-selling products","2025-07-08 16:39:58"
332,2,"Viewed dashboard - top-selling products","2025-07-08 16:39:59"
333,2,"Viewed dashboard - top-selling products","2025-07-08 16:39:59"
334,2,"Viewed dashboard - top-selling products","2025-07-08 16:47:14"
335,2,"Viewed dashboard - top-selling products","2025-07-08 16:47:14"
336,2,"Viewed dashboard - top-selling products","2025-07-08 17:07:09"
337,2,"Viewed dashboard - top-selling products","2025-07-08 17:07:12"
338,1,"Đăng nhập thành công","2025-07-08 17:08:32"
339,2,"Đăng nhập thành công","2025-07-08 17:10:00"
340,2,"Viewed dashboard - top-selling products","2025-07-08 17:10:01"
341,2,"Viewed dashboard - top-selling products","2025-07-08 17:10:02"
342,2,"Viewed dashboard - top-selling products","2025-07-08 17:13:40"
343,2,"Viewed dashboard - top-selling products","2025-07-08 17:13:41"
344,2,"Viewed dashboard - top-selling products","2025-07-08 17:13:42"
345,1,"Đăng nhập thành công","2025-07-08 17:20:36"
346,1,"Tạo tài khoản mới","2025-07-08 17:22:14"
348,1,"Đăng nhập thành công","2025-07-09 04:41:14"
349,1,"Đăng nhập thành công","2025-07-09 04:41:51"
350,1,"Đăng nhập thành công","2025-07-09 06:29:59"
351,1,"Đăng nhập thành công","2025-07-09 06:40:05"
352,4,"Đăng nhập thành công","2025-07-09 06:51:52"
353,4,"Xem hồ sơ người dùng","2025-07-09 06:53:56"
354,4,"Xem hồ sơ người dùng","2025-07-09 06:53:57"
355,1,"Xem lịch sử đơn hàng","2025-07-09 06:54:09"
356,1,"Xem lịch sử đơn hàng","2025-07-09 06:54:10"
357,1,"Xem lịch sử đơn hàng","2025-07-09 06:54:14"
358,1,"Xem lịch sử đơn hàng","2025-07-09 06:54:14"
359,1,"Đăng nhập thành công","2025-07-09 06:54:32"
360,1,"Xóa tài khoản","2025-07-09 07:55:10"
361,1,"Cập nhật tài khoản","2025-07-09 07:57:14"
362,4,"Đăng nhập thành công","2025-07-09 08:36:51"
363,4,"Đăng nhập thành công","2025-07-09 08:38:08"
364,2,"Đăng nhập thành công","2025-07-09 08:44:24"
365,2,"Đăng nhập thành công","2025-07-09 08:52:20"
366,2,"Xóa sản phẩm: 40","2025-07-09 08:52:36"
367,4,"Đăng nhập thành công","2025-07-09 08:59:30"
369,1,"Đăng nhập thành công","2025-07-09 12:12:51"
370,1,"Xóa tài khoản","2025-07-09 12:13:04"
371,1,"Tạo tài khoản mới","2025-07-09 12:14:05"
372,2,"Đăng nhập thành công","2025-07-09 12:14:23"
373,2,"Viewed dashboard - top-selling products","2025-07-09 12:14:25"
374,2,"Viewed dashboard - top-selling products","2025-07-09 12:14:26"
375,1,"Đăng nhập thành công","2025-07-09 12:15:23"
376,2,"Đăng nhập thành công","2025-07-09 12:16:11"
377,2,"Viewed dashboard - top-selling products","2025-07-09 12:16:12"
378,2,"Viewed dashboard - top-selling products","2025-07-09 12:16:12"
379,1,"Đăng nhập thành công","2025-07-09 12:18:46"
380,1,"Hủy kích hoạt","2025-07-09 12:18:51"
381,1,"Kích hoạt","2025-07-09 12:18:54"
382,1,"Hủy kích hoạt","2025-07-09 12:18:57"
383,1,"Kích hoạt","2025-07-09 12:18:59"
385,2,"Xem lịch sử đơn hàng","2025-07-10 10:33:02"
388,2,"Xem lịch sử đơn hàng","2025-07-10 16:07:07"
389,2,"Xem lịch sử đơn hàng","2025-07-10 16:07:09"
390,2,"Xem lịch sử đơn hàng","2025-07-10 16:07:33"
391,2,"Xem lịch sử đơn hàng","2025-07-10 16:07:35"
392,2,"Xem lịch sử đơn hàng","2025-07-10 16:07:49"
393,2,"Xem lịch sử đơn hàng","2025-07-10 16:07:50"
394,2,"Xem lịch sử đơn hàng","2025-07-10 16:08:31"
395,2,"Xem lịch sử đơn hàng","2025-07-10 16:08:32"
396,2,"Xem lịch sử đơn hàng","2025-07-10 16:08:54"
397,2,"Xem lịch sử đơn hàng","2025-07-10 16:08:55"
398,2,"Tạo đơn hàng","2025-07-10 16:11:40"
399,2,"Thanh toán đơn hàng","2025-07-10 16:11:43"
400,2,"Tạo đơn hàng","2025-07-10 16:12:15"
401,2,"Thanh toán đơn hàng","2025-07-10 16:12:15"
403,2,"Xem lịch sử đơn hàng","2025-07-10 16:13:50"
404,2,"Xem lịch sử đơn hàng","2025-07-10 16:13:52"
405,2,"Tạo đơn hàng","2025-07-10 16:15:04"
406,2,"Thanh toán đơn hàng","2025-07-10 16:15:05"
407,2,"Xem lịch sử đơn hàng","2025-07-10 16:15:11"
408,2,"Xem lịch sử đơn hàng","2025-07-10 16:15:12"
409,2,"Xem lịch sử đơn hàng","2025-07-10 16:15:33"
410,2,"Xem lịch sử đơn hàng","2025-07-10 16:15:34"
411,2,"Xem lịch sử đơn hàng","2025-07-10 16:16:53"
412,2,"Xem lịch sử đơn hàng","2025-07-10 16:16:54"
413,2,"Xem lịch sử đơn hàng","2025-07-10 16:16:58"
414,2,"Xem lịch sử đơn hàng","2025-07-10 16:16:58"
415,2,"Tạo đơn hàng","2025-07-10 16:18:35"
416,2,"Thanh toán đơn hàng","2025-07-10 16:18:35"
417,2,"Xem lịch sử đơn hàng","2025-07-10 16:18:45"
418,2,"Xem lịch sử đơn hàng","2025-07-10 16:18:45"
420,2,"Xem lịch sử đơn hàng","2025-07-10 16:20:07"
421,2,"Xem lịch sử đơn hàng","2025-07-10 16:20:07"
422,3,"Đăng nhập thành công","2025-07-10 16:21:36"
423,1,"Đăng nhập thành công","2025-07-10 16:23:03"
424,2,"Đăng nhập thành công","2025-07-10 16:23:37"
425,1,"Đăng nhập thành công","2025-07-10 16:30:26"
426,1,"Đăng nhập thành công","2025-07-10 16:32:19"
429,1,"Đăng nhập thành công","2025-07-11 09:47:33"
430,4,"Đăng nhập thành công","2025-07-11 13:50:37"
431,4,"Xem hồ sơ người dùng","2025-07-11 13:51:15"
432,4,"Xem hồ sơ người dùng","2025-07-11 13:51:17"
433,4,"Xem hồ sơ người dùng","2025-07-11 13:51:23"
434,4,"Xem hồ sơ người dùng","2025-07-11 13:51:23"
435,4,"Cập nhật hồ sơ người dùng","2025-07-11 13:51:43"
436,4,"Xem hồ sơ người dùng","2025-07-11 13:51:49"
437,4,"Xem hồ sơ người dùng","2025-07-11 13:51:50"
438,4,"Cập nhật hồ sơ người dùng","2025-07-11 13:52:30"
439,4,"Xem hồ sơ người dùng","2025-07-11 13:52:33"
440,4,"Xem hồ sơ người dùng","2025-07-11 13:52:34"
441,4,"Cập nhật hồ sơ người dùng","2025-07-11 13:52:51"
442,4,"Xem hồ sơ người dùng","2025-07-11 13:52:53"
443,4,"Xem hồ sơ người dùng","2025-07-11 13:52:54"
444,4,"Xem hồ sơ người dùng","2025-07-11 13:53:01"
445,4,"Xem hồ sơ người dùng","2025-07-11 13:53:03"
446,1,"Gửi đánh giá sản phẩm","2025-07-11 13:57:33"
447,4,"Đăng nhập thành công","2025-07-11 13:58:35"
448,1,"Gửi đánh giá sản phẩm","2025-07-11 13:58:51"
449,4,"Đăng nhập thành công","2025-07-11 14:02:06"
456,2,"Xem lịch sử đơn hàng","2025-07-11 14:04:45"
457,2,"Xem lịch sử đơn hàng","2025-07-11 14:04:48"
461,2,"Xem lịch sử đơn hàng","2025-07-11 14:12:34"
462,2,"Xem lịch sử đơn hàng","2025-07-11 14:12:36"
463,2,"Tạo đơn hàng","2025-07-11 14:13:03"
464,2,"Thanh toán đơn hàng","2025-07-11 14:13:06"
465,2,"Thanh toán đơn hàng","2025-07-11 14:13:07"
466,2,"Tạo đơn hàng","2025-07-11 14:13:46"
467,2,"Thanh toán đơn hàng","2025-07-11 14:13:47"
468,2,"Xem lịch sử đơn hàng","2025-07-11 14:13:56"
469,2,"Xem lịch sử đơn hàng","2025-07-11 14:13:56"
470,2,"Tạo đơn hàng","2025-07-11 14:14:08"
471,2,"Thanh toán đơn hàng","2025-07-11 14:14:09"
472,2,"Xem lịch sử đơn hàng","2025-07-11 14:14:21"
473,2,"Xem lịch sử đơn hàng","2025-07-11 14:14:22"
474,2,"Tạo đơn hàng","2025-07-11 14:14:51"
475,2,"Thanh toán đơn hàng","2025-07-11 14:14:52"
476,2,"Tạo đơn hàng","2025-07-11 14:15:41"
477,2,"Thanh toán đơn hàng","2025-07-11 14:15:41"
478,2,"Tạo đơn hàng","2025-07-11 14:16:57"
479,2,"Thanh toán đơn hàng","2025-07-11 14:16:58"
480,2,"Tạo đơn hàng","2025-07-11 14:17:12"
481,2,"Thanh toán đơn hàng","2025-07-11 14:17:12"
482,2,"Tạo đơn hàng","2025-07-11 14:17:35"
483,2,"Thanh toán đơn hàng","2025-07-11 14:17:36"
484,4,"Đăng nhập thành công","2025-07-11 14:19:47"
485,4,"Xem hồ sơ người dùng","2025-07-11 14:19:53"
486,4,"Xem hồ sơ người dùng","2025-07-11 14:19:53"
487,4,"Cập nhật hồ sơ người dùng","2025-07-11 14:20:15"
488,4,"Xem hồ sơ người dùng","2025-07-11 14:20:23"
489,4,"Xem hồ sơ người dùng","2025-07-11 14:20:24"
490,4,"Xem hồ sơ người dùng","2025-07-11 14:20:50"
491,4,"Xem hồ sơ người dùng","2025-07-11 14:20:50"
492,4,"Xem hồ sơ người dùng","2025-07-11 14:21:26"
493,4,"Xem hồ sơ người dùng","2025-07-11 14:21:26"
494,4,"Xem hồ sơ người dùng","2025-07-11 14:21:38"
495,4,"Xem hồ sơ người dùng","2025-07-11 14:21:38"
496,4,"Xem hồ sơ người dùng","2025-07-11 14:21:54"
497,4,"Xem hồ sơ người dùng","2025-07-11 14:21:55"
498,4,"Xem hồ sơ người dùng","2025-07-11 14:22:05"
499,4,"Xem hồ sơ người dùng","2025-07-11 14:22:06"
500,1,"Gửi đánh giá sản phẩm","2025-07-11 14:24:43"
501,4,"Đăng nhập thành công","2025-07-11 14:25:00"
502,1,"Gửi đánh giá sản phẩm","2025-07-11 14:25:12"
503,2,"Gửi đánh giá sản phẩm","2025-07-11 14:27:20"
504,4,"Đăng nhập thành công","2025-07-11 14:30:30"
505,1,"Đăng nhập thành công","2025-07-11 14:32:45"
506,1,"Đăng nhập thành công","2025-07-12 14:24:39"
509,2,"Tạo đơn hàng","2025-07-12 14:38:11"
510,2,"Tạo đơn hàng","2025-07-12 14:38:13"
511,2,"Thanh toán đơn hàng","2025-07-12 14:38:16"
512,2,"Tạo đơn hàng","2025-07-12 15:59:03"
513,2,"Xem lịch sử đơn hàng","2025-07-12 15:59:17"
517,2,"Tạo đơn hàng","2025-07-14 08:46:58"
518,2,"Thanh toán đơn hàng","2025-07-14 08:47:01"
520,2,"Xem lịch sử đơn hàng","2025-07-14 08:47:21"
521,2,"Xem lịch sử đơn hàng","2025-07-14 08:47:24"
522,2,"Xem lịch sử đơn hàng","2025-07-14 08:47:40"
523,2,"Xem lịch sử đơn hàng","2025-07-14 08:47:41"
526,2,"Tạo đơn hàng","2025-07-14 10:53:24"
527,2,"Thanh toán đơn hàng","2025-07-14 10:53:27"
528,2,"Xem lịch sử đơn hàng","2025-07-14 10:53:36"
529,2,"Xem lịch sử đơn hàng","2025-07-14 10:53:38"
530,2,"Xem lịch sử đơn hàng","2025-07-14 10:53:49"
531,2,"Xem lịch sử đơn hàng","2025-07-14 10:53:50"
533,1,"Đăng nhập thành công","2025-07-14 14:45:16"
534,1,"Đăng nhập thành công","2025-07-14 14:47:50"
535,1,"Đăng nhập thành công","2025-07-14 14:49:49"
536,1,"Đăng nhập thành công","2025-07-14 14:52:11"
537,1,"Đăng nhập thành công","2025-07-14 14:53:50"
538,1,"Đăng nhập thành công","2025-07-14 14:54:24"
539,1,"Tạo tài khoản mới","2025-07-14 14:55:08"
540,1,"Hủy kích hoạt","2025-07-14 14:55:16"
541,1,"Kích hoạt","2025-07-14 14:55:38"
542,2,"Đăng nhập thành công","2025-07-14 14:56:09"
543,2,"Viewed dashboard - top-selling products","2025-07-14 14:56:11"
544,2,"Viewed dashboard - top-selling products","2025-07-14 14:56:11"
545,1,"Đăng nhập thành công","2025-07-14 14:57:04"
546,1,"Đăng nhập thành công","2025-07-14 15:01:30"
547,1,"Đăng nhập thành công","2025-07-14 15:01:42"
550,2,"Tạo đơn hàng","2025-07-14 15:08:09"
551,2,"Thanh toán đơn hàng","2025-07-14 15:08:09"
552,2,"Xem lịch sử đơn hàng","2025-07-14 15:08:17"
553,2,"Xem lịch sử đơn hàng","2025-07-14 15:08:18"
554,2,"Đăng nhập thành công","2025-07-14 15:11:43"
555,2,"Viewed dashboard - top-selling products","2025-07-14 15:11:44"
556,2,"Viewed dashboard - top-selling products","2025-07-14 15:11:45"
557,2,"Viewed dashboard - top-selling products","2025-07-14 15:12:04"
558,2,"Viewed dashboard - top-selling products","2025-07-14 15:12:05"
559,2,"Viewed dashboard - top-selling products","2025-07-14 15:12:37"
560,2,"Viewed dashboard - top-selling products","2025-07-14 15:12:37"
562,2,"Tạo đơn hàng","2025-07-14 15:14:25"
563,2,"Thanh toán đơn hàng","2025-07-14 15:14:25"
564,2,"Xem lịch sử đơn hàng","2025-07-14 15:14:31"
565,2,"Xem lịch sử đơn hàng","2025-07-14 15:14:32"
567,2,"Tạo đơn hàng","2025-07-14 15:25:37"
568,2,"Thanh toán đơn hàng","2025-07-14 15:25:37"
570,1,"Đăng nhập thành công","2025-07-14 15:41:29"
571,1,"Đăng nhập thành công","2025-07-14 15:42:51"
572,1,"Đăng nhập thành công","2025-07-14 15:43:03"
574,2,"Đăng nhập thành công","2025-07-14 15:58:23"
575,2,"Viewed dashboard - top-selling products","2025-07-14 15:58:24"
576,2,"Viewed dashboard - top-selling products","2025-07-14 15:58:25"
577,1,"Đăng nhập thành công","2025-07-14 16:01:34"
578,1,"Đăng nhập thành công","2025-07-14 16:02:22"
579,1,"Đăng nhập thành công","2025-07-14 16:11:17"
580,1,"Đăng nhập thành công","2025-07-14 16:22:38"
581,1,"Đăng nhập thành công","2025-07-14 16:27:09"
582,1,"Đăng nhập thành công","2025-07-14 16:27:25"
583,1,"Đăng nhập thành công","2025-07-14 16:27:31"
584,1,"Đăng nhập thành công","2025-07-14 16:27:46"
585,1,"Đăng nhập thành công","2025-07-14 16:28:24"
586,1,"Đăng nhập thành công","2025-07-14 16:28:32"
587,1,"Đăng nhập thành công","2025-07-14 16:30:05"
589,1,"Đăng nhập thành công","2025-07-14 16:36:43"
590,1,"Đăng nhập thành công","2025-07-14 16:47:26"
592,1,"Đăng nhập thành công","2025-07-14 17:07:12"
594,1,"Đăng nhập thành công","2025-07-14 17:16:50"
595,1,"Đăng nhập thành công","2025-07-14 17:18:33"
596,2,"Đăng nhập thành công","2025-07-14 17:18:47"
597,2,"Viewed dashboard - top-selling products","2025-07-14 17:18:48"
598,2,"Viewed dashboard - top-selling products","2025-07-14 17:18:48"
600,2,"Tạo đơn hàng","2025-07-14 17:22:06"
601,2,"Thanh toán đơn hàng","2025-07-14 17:22:06"
602,2,"Xem lịch sử đơn hàng","2025-07-14 17:22:12"
603,2,"Xem lịch sử đơn hàng","2025-07-14 17:22:13"
604,1,"Đăng nhập thành công","2025-07-14 17:30:05"
605,1,"Tạo tài khoản mới","2025-07-14 17:51:11"
606,1,"Đăng nhập thành công","2025-07-14 17:51:31"
607,1,"Cập nhật tài khoản","2025-07-14 17:52:03"
608,1,"Cập nhật tài khoản","2025-07-14 17:52:04"
609,1,"Cập nhật tài khoản","2025-07-14 17:52:17"
610,1,"Cập nhật tài khoản","2025-07-14 17:52:18"
611,1,"Hủy kích hoạt","2025-07-14 17:52:34"
612,1,"Kích hoạt","2025-07-14 17:52:37"
613,1,"Tạo tài khoản mới","2025-07-14 17:52:50"
614,1,"Đăng nhập thành công","2025-07-14 17:53:08"
615,1,"Đăng nhập thành công","2025-07-14 18:07:10"
616,1,"Đăng nhập thành công","2025-07-14 18:18:47"
617,1,"Đăng nhập thành công","2025-07-15 00:11:30"
619,2,"Tạo đơn hàng","2025-07-15 00:52:38"
620,2,"Tạo đơn hàng","2025-07-15 00:52:41"
621,2,"Tạo đơn hàng","2025-07-15 00:52:42"
622,2,"Tạo đơn hàng","2025-07-15 00:52:43"
623,2,"Thanh toán đơn hàng","2025-07-15 00:52:44"
624,2,"Thanh toán đơn hàng","2025-07-15 00:52:46"
625,1,"Đăng nhập thành công","2025-07-15 00:52:47"
626,1,"Đăng nhập thành công","2025-07-15 01:40:46"
627,1,"Đăng nhập thành công","2025-07-15 01:48:27"
628,1,"Đăng nhập thành công","2025-07-15 01:59:14"
629,1,"Đăng nhập thành công","2025-07-15 02:04:35"
631,1,"Đăng nhập thành công","2025-07-15 02:06:43"
633,2,"Tạo đơn hàng","2025-07-15 02:10:56"
634,2,"Thanh toán đơn hàng","2025-07-15 02:10:58"
635,2,"Tạo đơn hàng","2025-07-15 02:13:35"
636,2,"Thanh toán đơn hàng","2025-07-15 02:13:37"
637,2,"Tạo đơn hàng","2025-07-15 02:13:38"
638,2,"Thanh toán đơn hàng","2025-07-15 02:13:40"
639,1,"Đăng nhập thành công","2025-07-15 02:14:57"
641,1,"Đăng nhập thành công","2025-07-15 02:23:04"
642,1,"Đăng nhập thành công","2025-07-15 02:48:34"
643,1,"Đăng nhập thành công","2025-07-15 02:49:29"
644,1,"Đăng nhập thành công","2025-07-15 02:49:42"
646,1,"Đăng nhập thành công","2025-07-15 02:50:23"
648,1,"Đăng nhập thành công","2025-07-15 02:52:24"
650,1,"Đăng nhập thành công","2025-07-15 03:29:17"
651,1,"Đăng nhập thành công","2025-07-15 03:52:30"
652,1,"Đăng nhập thành công","2025-07-15 06:48:43"
653,1,"Đăng nhập thành công","2025-07-16 03:08:19"
655,1,"Đăng nhập thành công","2025-07-16 03:10:00"
656,1,"Đăng nhập thành công","2025-07-16 03:10:35"
661,1,"Đăng nhập thành công","2025-07-16 03:12:45"
662,1,"Đăng nhập thành công","2025-07-16 03:12:50"
664,1,"Đăng nhập thành công","2025-07-16 03:25:10"
665,2,"Đăng nhập thành công","2025-07-16 03:25:23"
666,2,"Viewed dashboard - top-selling products","2025-07-16 03:25:24"
667,2,"Viewed dashboard - top-selling products","2025-07-16 03:25:25"
668,2,"Viewed dashboard - top-selling products","2025-07-16 03:25:36"
669,2,"Viewed dashboard - top-selling products","2025-07-16 03:25:37"
670,2,"Viewed dashboard - top-selling products","2025-07-16 03:25:46"
671,2,"Viewed dashboard - top-selling products","2025-07-16 03:25:47"
672,2,"Viewed dashboard - top-selling products","2025-07-16 03:25:59"
673,2,"Viewed dashboard - top-selling products","2025-07-16 03:26:00"
674,2,"Viewed dashboard - top-selling products","2025-07-16 03:26:48"
675,2,"Viewed dashboard - top-selling products","2025-07-16 03:26:49"
676,2,"Viewed dashboard - top-selling products","2025-07-16 03:26:50"
677,2,"Viewed dashboard - top-selling products","2025-07-16 03:26:51"
678,2,"Viewed dashboard - top-selling products","2025-07-16 03:28:42"
679,2,"Viewed dashboard - top-selling products","2025-07-16 03:28:42"
680,2,"Viewed dashboard - top-selling products","2025-07-16 03:28:46"
681,2,"Viewed dashboard - top-selling products","2025-07-16 03:28:46"
682,2,"Viewed dashboard - top-selling products","2025-07-16 03:31:27"
683,2,"Viewed dashboard - top-selling products","2025-07-16 03:31:27"
684,2,"Viewed dashboard - top-selling products","2025-07-16 03:31:30"
685,2,"Viewed dashboard - top-selling products","2025-07-16 03:31:30"
687,2,"Gửi đánh giá sản phẩm","2025-07-16 03:41:26"
690,1,"Đăng nhập thành công","2025-07-16 03:47:19"
691,1,"Đăng nhập thành công","2025-07-16 03:47:49"
692,1,"Tạo tài khoản mới","2025-07-16 03:48:36"
693,1,"Hủy kích hoạt","2025-07-16 03:48:48"
694,1,"Kích hoạt","2025-07-16 03:48:51"
697,2,"Tạo đơn hàng","2025-07-16 03:53:41"
698,2,"Thanh toán đơn hàng","2025-07-16 03:53:43"
699,2,"Xem lịch sử đơn hàng","2025-07-16 03:53:53"
700,2,"Xem lịch sử đơn hàng","2025-07-16 03:53:55"
701,2,"Xem lịch sử đơn hàng","2025-07-16 03:54:18"
702,2,"Xem lịch sử đơn hàng","2025-07-16 03:54:20"
703,2,"Xem lịch sử đơn hàng","2025-07-16 03:54:51"
704,2,"Xem lịch sử đơn hàng","2025-07-16 03:54:51"
705,2,"Xem lịch sử đơn hàng","2025-07-16 03:56:37"
706,2,"Đăng nhập thành công","2025-07-16 04:18:55"
707,2,"Viewed dashboard - top-selling products","2025-07-16 04:18:56"
708,2,"Viewed dashboard - top-selling products","2025-07-16 04:18:57"
709,1,"Đăng nhập thành công","2025-07-16 04:23:24"
710,1,"Xóa tài khoản","2025-07-16 04:23:43"
711,1,"Tạo tài khoản mới","2025-07-16 04:24:40"
712,2,"Đăng nhập thành công","2025-07-16 04:26:14"
713,2,"Viewed dashboard - top-selling products","2025-07-16 04:26:14"
714,2,"Viewed dashboard - top-selling products","2025-07-16 04:26:14"
715,2,"Viewed dashboard - top-selling products","2025-07-16 04:28:50"
716,2,"Viewed dashboard - top-selling products","2025-07-16 04:28:51"
717,2,"Viewed dashboard - top-selling products","2025-07-16 04:38:20"
718,2,"Viewed dashboard - top-selling products","2025-07-16 04:38:20"
719,2,"Viewed dashboard - top-selling products","2025-07-16 04:38:41"
720,2,"Viewed dashboard - top-selling products","2025-07-16 04:38:41"
721,2,"Đăng nhập thành công","2025-07-16 05:18:24"
722,2,"Viewed dashboard - top-selling products","2025-07-16 05:18:28"
723,2,"Viewed dashboard - top-selling products","2025-07-16 05:18:29"
724,2,"Viewed dashboard - top-selling products","2025-07-16 05:18:34"
725,2,"Viewed dashboard - top-selling products","2025-07-16 05:18:35"
726,2,"Viewed dashboard - top-selling products","2025-07-16 05:19:22"
727,2,"Viewed dashboard - top-selling products","2025-07-16 05:19:23"
728,2,"Viewed dashboard - top-selling products","2025-07-16 05:19:30"
729,2,"Viewed dashboard - top-selling products","2025-07-16 05:19:31"
730,2,"Viewed dashboard - top-selling products","2025-07-16 05:19:32"
731,2,"Viewed dashboard - top-selling products","2025-07-16 05:19:33"
732,1,"Đăng nhập thành công","2025-07-16 05:19:58"
734,1,"Đăng nhập thành công","2025-07-16 05:20:38"
735,2,"Tạo đơn hàng","2025-07-16 05:20:50"
736,2,"Tạo đơn hàng","2025-07-16 05:20:51"
737,2,"Tạo đơn hàng","2025-07-16 05:20:54"
738,2,"Tạo đơn hàng","2025-07-16 05:20:55"
739,2,"Tạo đơn hàng","2025-07-16 05:20:56"
740,2,"Tạo đơn hàng","2025-07-16 05:20:57"
741,2,"Tạo đơn hàng","2025-07-16 05:20:58"
742,2,"Thanh toán đơn hàng","2025-07-16 05:20:59"
743,2,"Tạo đơn hàng","2025-07-16 05:21:02"
745,2,"Tạo đơn hàng","2025-07-16 05:21:21"
746,2,"Thanh toán đơn hàng","2025-07-16 05:21:23"
747,2,"Tạo đơn hàng","2025-07-16 05:21:28"
748,2,"Tạo đơn hàng","2025-07-16 05:21:30"
749,2,"Tạo đơn hàng","2025-07-16 05:21:30"
750,2,"Thanh toán đơn hàng","2025-07-16 05:21:31"
751,2,"Thanh toán đơn hàng","2025-07-16 05:21:33"
752,2,"Thanh toán đơn hàng","2025-07-16 05:21:34"
753,2,"Thanh toán đơn hàng","2025-07-16 05:21:35"
754,2,"Viewed dashboard - top-selling products","2025-07-16 05:25:42"
755,2,"Viewed dashboard - top-selling products","2025-07-16 05:25:43"
756,2,"Gửi đánh giá sản phẩm","2025-07-16 05:28:37"
757,2,"Đăng nhập thành công","2025-07-16 05:36:32"
758,2,"Viewed dashboard - top-selling products","2025-07-16 05:36:32"
759,2,"Viewed dashboard - top-selling products","2025-07-16 05:36:33"
761,2,"Xem lịch sử đơn hàng","2025-07-16 05:36:47"
762,2,"Xem lịch sử đơn hàng","2025-07-16 05:36:49"
763,2,"Tạo đơn hàng","2025-07-16 05:37:15"
764,2,"Thanh toán đơn hàng","2025-07-16 05:37:16"
766,1,"Đăng nhập thành công","2025-07-16 05:38:31"
767,2,"Đăng nhập thành công","2025-07-16 05:40:19"
768,2,"Viewed dashboard - top-selling products","2025-07-16 05:40:20"
769,2,"Viewed dashboard - top-selling products","2025-07-16 05:40:20"
770,2,"Đăng nhập thành công","2025-07-16 05:55:11"
771,2,"Viewed dashboard - top-selling products","2025-07-16 05:55:12"
772,2,"Viewed dashboard - top-selling products","2025-07-16 05:55:12"
773,2,"Đăng nhập thành công","2025-07-16 05:59:57"
774,2,"Viewed dashboard - top-selling products","2025-07-16 05:59:58"
775,2,"Viewed dashboard - top-selling products","2025-07-16 05:59:58"
776,2,"Đăng nhập thành công","2025-07-16 06:02:21"
777,2,"Viewed dashboard - top-selling products","2025-07-16 06:02:22"
778,2,"Viewed dashboard - top-selling products","2025-07-16 06:02:22"
779,2,"Đăng nhập thành công","2025-07-16 06:05:58"
780,2,"Xem danh sách sản phẩm","2025-07-16 06:06:07"
781,2,"Viewed dashboard - top-selling products","2025-07-16 06:38:03"
782,2,"Viewed dashboard - top-selling products","2025-07-16 06:38:06"
783,2,"Viewed dashboard - top-selling products","2025-07-16 06:38:11"
784,2,"Viewed dashboard - top-selling products","2025-07-16 06:38:12"
785,2,"Viewed dashboard - top-selling products","2025-07-16 06:39:41"
786,2,"Viewed dashboard - top-selling products","2025-07-16 06:39:43"
787,2,"Viewed dashboard - top-selling products","2025-07-16 06:39:44"
788,2,"Viewed dashboard - top-selling products","2025-07-16 06:39:47"
789,2,"Viewed dashboard - top-selling products","2025-07-16 06:39:47"
790,2,"Viewed dashboard - top-selling products","2025-07-16 06:41:48"
791,2,"Viewed dashboard - top-selling products","2025-07-16 06:41:49"
792,2,"Viewed dashboard - top-selling products","2025-07-16 06:41:59"
793,2,"Viewed dashboard - top-selling products","2025-07-16 06:42:01"
794,2,"Viewed dashboard - top-selling products","2025-07-16 06:42:02"
795,2,"Viewed dashboard - top-selling products","2025-07-16 06:42:03"
796,2,"Viewed dashboard - top-selling products","2025-07-16 06:42:04"
797,2,"Viewed dashboard - top-selling products","2025-07-16 06:42:04"
798,2,"Viewed dashboard - top-selling products","2025-07-16 06:42:06"
799,2,"Viewed dashboard - top-selling products","2025-07-16 06:42:07"
800,2,"Viewed dashboard - top-selling products","2025-07-16 06:42:08"
801,2,"Viewed dashboard - top-selling products","2025-07-16 06:42:09"
802,2,"Viewed dashboard - top-selling products","2025-07-16 06:42:10"
803,2,"Viewed dashboard - top-selling products","2025-07-16 06:42:11"
804,2,"Viewed dashboard - top-selling products","2025-07-16 06:42:11"
805,2,"Viewed dashboard - top-selling products","2025-07-16 06:42:12"
806,2,"Viewed dashboard - top-selling products","2025-07-16 06:42:12"
807,2,"Viewed dashboard - top-selling products","2025-07-16 06:44:20"
808,2,"Viewed dashboard - top-selling products","2025-07-16 06:44:21"
809,2,"Viewed dashboard - top-selling products","2025-07-16 06:44:22"
810,2,"Viewed dashboard - top-selling products","2025-07-16 06:44:23"
811,2,"Viewed dashboard - top-selling products","2025-07-16 06:44:23"
812,2,"Viewed dashboard - top-selling products","2025-07-16 06:44:27"
813,2,"Viewed dashboard - top-selling products","2025-07-16 06:44:28"
814,2,"Viewed dashboard - top-selling products","2025-07-16 06:44:59"
815,2,"Viewed dashboard - top-selling products","2025-07-16 06:44:59"
816,2,"Viewed dashboard - top-selling products","2025-07-16 06:45:00"
817,2,"Viewed dashboard - top-selling products","2025-07-16 06:45:00"
818,2,"Viewed dashboard - top-selling products","2025-07-16 06:45:01"
819,2,"Viewed dashboard - top-selling products","2025-07-16 06:45:01"
820,2,"Viewed dashboard - top-selling products","2025-07-16 06:46:23"
821,2,"Viewed dashboard - top-selling products","2025-07-16 06:46:23"
822,2,"Đăng nhập thành công","2025-07-16 06:49:23"
823,2,"Viewed dashboard - top-selling products","2025-07-16 06:49:25"
824,2,"Viewed dashboard - top-selling products","2025-07-16 06:49:26"
825,2,"Đăng nhập thành công","2025-07-16 06:49:28"
826,2,"Viewed dashboard - top-selling products","2025-07-16 06:49:30"
827,2,"Viewed dashboard - top-selling products","2025-07-16 06:49:31"
828,2,"Viewed dashboard - top-selling products","2025-07-16 06:58:26"
829,2,"Viewed dashboard - top-selling products","2025-07-16 06:58:26"
830,2,"Viewed dashboard - top-selling products","2025-07-16 06:59:19"
831,2,"Viewed dashboard - top-selling products","2025-07-16 06:59:20"
832,2,"Xem danh sách sản phẩm","2025-07-16 07:06:49"
833,2,"Viewed dashboard - top-selling products","2025-07-16 07:14:12"
834,2,"Xem danh sách sản phẩm","2025-07-16 07:14:13"
835,2,"Xem danh sách sản phẩm","2025-07-16 07:14:13"
836,2,"Xem danh sách sản phẩm","2025-07-16 07:18:19"
837,2,"Xem danh sách sản phẩm","2025-07-16 07:18:19"
838,2,"Xem danh sách sản phẩm","2025-07-16 07:18:32"
839,2,"Xem danh sách sản phẩm","2025-07-16 07:18:32"
840,2,"Xem danh sách sản phẩm","2025-07-16 07:18:39"
841,2,"Xem danh sách sản phẩm","2025-07-16 07:18:39"
842,2,"Viewed dashboard - top-selling products","2025-07-16 07:19:29"
843,2,"Viewed dashboard - top-selling products","2025-07-16 07:19:30"
844,2,"Xem danh sách sản phẩm","2025-07-16 07:20:06"
845,2,"Xem danh sách sản phẩm","2025-07-16 07:20:06"
846,2,"Viewed dashboard - top-selling products","2025-07-16 07:20:08"
847,2,"Viewed dashboard - top-selling products","2025-07-16 07:20:08"
848,2,"Xem danh sách sản phẩm","2025-07-16 07:22:26"
849,2,"Xem danh sách sản phẩm","2025-07-16 07:22:26"
851,1,"Đăng nhập thành công","2025-07-16 07:25:15"
852,1,"Đăng nhập thành công","2025-07-16 07:33:48"
854,2,"Xem danh sách sản phẩm","2025-07-16 07:35:23"
855,2,"Xem danh sách sản phẩm","2025-07-16 07:35:23"
856,2,"Xem danh sách sản phẩm","2025-07-16 07:35:28"
857,2,"Xem danh sách sản phẩm","2025-07-16 07:35:29"
858,1,"Đăng nhập thành công","2025-07-16 07:37:18"
859,2,"Đăng nhập thành công","2025-07-16 07:39:19"
860,2,"Viewed dashboard - top-selling products","2025-07-16 07:39:19"
861,2,"Viewed dashboard - top-selling products","2025-07-16 07:39:20"
862,2,"Xem danh sách sản phẩm","2025-07-16 07:39:52"
863,2,"Xem danh sách sản phẩm","2025-07-16 07:39:52"
864,2,"Đăng nhập thành công","2025-07-16 07:39:56"
865,2,"Xem danh sách sản phẩm","2025-07-16 07:39:57"
866,2,"Xem danh sách sản phẩm","2025-07-16 07:39:57"
867,2,"Đăng nhập thành công","2025-07-16 07:40:08"
868,2,"Viewed dashboard - top-selling products","2025-07-16 07:40:09"
869,2,"Viewed dashboard - top-selling products","2025-07-16 07:40:09"
870,2,"Xem danh sách sản phẩm","2025-07-16 07:40:14"
871,2,"Xem danh sách sản phẩm","2025-07-16 07:40:15"
872,2,"Xem danh sách sản phẩm","2025-07-16 07:40:24"
873,2,"Xem danh sách sản phẩm","2025-07-16 07:40:24"
874,2,"Xem danh sách sản phẩm","2025-07-16 07:40:51"
875,2,"Xem danh sách sản phẩm","2025-07-16 07:40:51"
876,2,"Đăng nhập thành công","2025-07-16 07:50:10"
877,2,"Xem danh sách sản phẩm","2025-07-16 07:50:11"
878,2,"Xem danh sách sản phẩm","2025-07-16 07:50:11"
879,2,"ShopOwner tạo sản phẩm mới: 40","2025-07-16 07:58:53"
880,2,"Xem danh sách sản phẩm","2025-07-16 07:58:55"
881,2,"Xem danh sách sản phẩm","2025-07-16 07:58:55"
882,2,"Xem danh sách sản phẩm","2025-07-16 07:59:39"
883,2,"Xem danh sách sản phẩm","2025-07-16 07:59:39"
884,2,"Đăng nhập thành công","2025-07-16 08:02:40"
885,2,"Xem danh sách sản phẩm","2025-07-16 08:07:44"
886,2,"Xem danh sách sản phẩm","2025-07-16 08:07:44"
887,2,"Xem danh sách sản phẩm","2025-07-16 08:21:31"
888,2,"Xem danh sách sản phẩm","2025-07-16 08:21:31"
889,2,"Xem danh sách sản phẩm","2025-07-16 08:27:39"
890,2,"Xem danh sách sản phẩm","2025-07-16 08:27:39"
891,2,"Xem danh sách sản phẩm","2025-07-16 08:28:25"
892,2,"Xem danh sách sản phẩm","2025-07-16 08:28:25"
893,2,"Xem danh sách sản phẩm","2025-07-16 08:35:11"
894,2,"Xem danh sách sản phẩm","2025-07-16 08:35:12"
895,2,"ShopOwner tạo sản phẩm mới: 41","2025-07-16 08:36:20"
896,2,"Xem danh sách sản phẩm","2025-07-16 08:36:24"
897,2,"Xem danh sách sản phẩm","2025-07-16 08:36:24"
898,2,"Xem danh sách sản phẩm","2025-07-16 08:37:09"
899,2,"Xem danh sách sản phẩm","2025-07-16 08:37:10"
900,2,"Đăng nhập thành công","2025-07-16 08:43:39"
901,2,"Xem danh sách sản phẩm","2025-07-16 08:43:40"
902,2,"Xem danh sách sản phẩm","2025-07-16 08:43:40"
903,2,"Xem danh sách sản phẩm","2025-07-16 08:43:44"
904,2,"Xem danh sách sản phẩm","2025-07-16 08:43:45"
905,2,"Đăng nhập thành công","2025-07-16 08:48:09"
906,2,"Xem danh sách sản phẩm","2025-07-16 09:00:51"
907,2,"Xem danh sách sản phẩm","2025-07-16 09:00:51"
908,2,"Đăng nhập thành công","2025-07-16 09:09:00"
909,2,"Xem danh sách sản phẩm","2025-07-16 09:20:27"
910,2,"Xem danh sách sản phẩm","2025-07-16 09:20:31"
911,2,"Đăng nhập thành công","2025-07-16 09:26:34"
912,2,"Chỉnh sửa sản phẩm: 40","2025-07-16 09:27:02"
913,2,"Xem danh sách sản phẩm","2025-07-16 09:27:32"
914,2,"Xem danh sách sản phẩm","2025-07-16 09:27:33"
915,2,"Xem danh sách sản phẩm","2025-07-16 09:47:46"
916,2,"Xem danh sách sản phẩm","2025-07-16 09:47:47"
917,2,"Viewed dashboard - top-selling products","2025-07-16 09:56:54"
918,2,"Viewed dashboard - top-selling products","2025-07-16 09:56:55"
919,2,"Xem danh sách sản phẩm","2025-07-16 09:57:01"
920,2,"Xem danh sách sản phẩm","2025-07-16 09:57:01"
921,2,"Viewed dashboard - top-selling products","2025-07-16 09:57:04"
922,2,"Viewed dashboard - top-selling products","2025-07-16 09:57:05"
923,2,"Xem danh sách sản phẩm","2025-07-16 09:59:18"
924,2,"Xem danh sách sản phẩm","2025-07-16 09:59:19"
925,2,"Xem lịch sử đơn hàng","2025-07-16 10:15:07"
928,2,"Xem lịch sử đơn hàng","2025-07-16 10:15:15"
929,1,"Đăng nhập thành công","2025-07-16 10:15:48"
930,2,"Xem danh sách sản phẩm","2025-07-16 10:17:10"
931,2,"Xem danh sách sản phẩm","2025-07-16 10:17:11"
932,2,"Xóa sản phẩm: 41","2025-07-16 10:17:15"
933,2,"ShopOwner tạo sản phẩm mới: 41","2025-07-16 10:20:45"
934,2,"Xem danh sách sản phẩm","2025-07-16 10:20:47"
935,2,"Xem danh sách sản phẩm","2025-07-16 10:20:47"
936,2,"Xóa sản phẩm: 41","2025-07-16 10:20:54"
937,1,"Đăng nhập thành công","2025-07-16 10:28:23"
938,2,"Xem danh sách sản phẩm","2025-07-16 10:28:29"
939,2,"Xem danh sách sản phẩm","2025-07-16 10:28:29"
941,1,"Đăng nhập thành công","2025-07-16 10:33:46"
950,1,"Đăng nhập thành công","2025-07-16 14:54:03"
951,1,"Đăng nhập thành công","2025-07-16 15:03:40"
952,1,"Đăng nhập thành công","2025-07-16 15:03:48"
953,1,"Đăng nhập thành công","2025-07-16 15:04:24"
954,1,"Đăng nhập thành công","2025-07-16 15:30:31"
955,1,"Đăng nhập thành công","2025-07-16 15:39:44"
957,7,"Đăng nhập thành công","2025-07-16 16:01:39"
965,2,"Tạo đơn hàng","2025-07-16 16:41:09"
966,2,"Thanh toán đơn hàng","2025-07-16 16:41:23"
967,2,"Tạo đơn hàng","2025-07-16 16:41:26"
968,2,"Thanh toán đơn hàng","2025-07-16 16:41:28"
969,2,"Tạo đơn hàng","2025-07-16 16:43:06"
970,2,"Thanh toán đơn hàng","2025-07-16 16:43:07"
971,2,"Tạo đơn hàng","2025-07-16 17:19:48"
972,2,"Thanh toán đơn hàng","2025-07-16 17:19:49"
981,2,"Đăng nhập thành công","2025-07-16 17:28:58"
982,2,"Xem tất cả sản phẩm","2025-07-16 17:34:19"
988,1,"Đăng nhập thành công","2025-07-17 00:49:54"
992,1,"Đăng nhập thành công","2025-07-17 06:06:43"
993,1,"Đăng nhập thành công","2025-07-17 07:36:26"
994,1,"Đăng nhập thành công","2025-07-17 07:38:45"
995,2,"Đăng nhập thành công","2025-07-17 07:39:37"
996,2,"Đăng nhập thành công","2025-07-17 07:55:27"
997,2,"Xem danh sách sản phẩm","2025-07-17 07:55:28"
998,2,"Xem danh sách sản phẩm","2025-07-17 07:55:29"
999,2,"Xem danh sách sản phẩm","2025-07-17 07:55:35"
1000,2,"Xem danh sách sản phẩm","2025-07-17 07:55:35"
1001,2,"Xem danh sách sản phẩm","2025-07-17 07:56:11"
1002,2,"Xem danh sách sản phẩm","2025-07-17 07:56:12"
1003,2,"Xem danh sách sản phẩm","2025-07-17 07:56:21"
1004,2,"Xem danh sách sản phẩm","2025-07-17 07:56:22"
1005,2,"Xem danh sách sản phẩm","2025-07-17 07:58:06"
1006,2,"Viewed dashboard - top-selling products","2025-07-17 07:59:48"
1007,2,"Viewed dashboard - top-selling products","2025-07-17 07:59:48"
1008,1,"Đăng nhập thành công","2025-07-17 08:10:48"
1009,1,"Đăng nhập thành công","2025-07-17 08:20:40"
1010,1,"Đăng nhập thành công","2025-07-17 08:22:03"
1011,1,"Tạo bản tin: Cấp bách bảo vệ nhiều loài chim đang bị đe dọa rất nghiêm trọng","2025-07-17 08:31:00"
1012,1,"Đăng nhập thành công","2025-07-17 10:14:08"
1013,1,"Tạo đơn hàng","2025-07-17 10:17:55"
1014,1,"Thanh toán đơn hàng","2025-07-17 10:17:56"
1015,1,"Tạo đơn hàng","2025-07-17 10:18:05"
1016,1,"Thanh toán đơn hàng","2025-07-17 10:18:05"
1017,1,"Tạo đơn hàng","2025-07-17 10:18:31"
1018,1,"Thanh toán đơn hàng","2025-07-17 10:18:32"
1020,2,"Gửi đánh giá sản phẩm","2025-07-17 10:39:44"
1022,2,"Gửi đánh giá sản phẩm","2025-07-17 10:49:08"
1024,2,"Đăng nhập thành công","2025-07-17 11:43:01"
1025,2,"Viewed dashboard - top-selling products","2025-07-17 11:44:24"
1026,3,"Gửi đánh giá sản phẩm","2025-07-17 12:22:08"
1028,1,"Đăng nhập thành công","2025-07-17 12:57:58"
1029,2,"Đăng nhập thành công","2025-07-17 13:08:28"
1030,2,"Xem danh sách sản phẩm","2025-07-17 13:08:29"
1031,2,"Xem danh sách sản phẩm","2025-07-17 13:08:29"
1032,2,"Chỉnh sửa sản phẩm: 40","2025-07-17 13:09:02"
1033,2,"Xem danh sách sản phẩm","2025-07-17 13:09:04"
1034,2,"Xem danh sách sản phẩm","2025-07-17 13:09:05"
1035,1,"Đăng nhập thành công","2025-07-17 14:35:55"
1036,2,"Đăng nhập thành công","2025-07-17 14:41:17"
1037,2,"Viewed dashboard - top-selling products","2025-07-17 14:41:19"
1038,2,"Viewed dashboard - top-selling products","2025-07-17 14:41:21"
1039,2,"Đăng nhập thành công","2025-07-17 15:42:09"
1040,2,"Viewed dashboard - top-selling products","2025-07-17 15:42:14"
1041,2,"Viewed dashboard - top-selling products","2025-07-17 15:42:16"
1042,2,"Viewed dashboard - top-selling products","2025-07-17 15:42:21"
1043,2,"Viewed dashboard - top-selling products","2025-07-17 15:42:22"
1044,2,"Đăng nhập thành công","2025-07-17 16:19:45"
1045,2,"Viewed dashboard - top-selling products","2025-07-17 16:19:47"
1046,2,"Viewed dashboard - top-selling products","2025-07-17 16:19:48"
1047,2,"Viewed dashboard - top-selling products","2025-07-17 16:19:52"
1048,2,"Viewed dashboard - top-selling products","2025-07-17 16:19:55"
1053,2,"Đăng nhập thành công","2025-07-17 16:51:55"
1054,2,"Viewed dashboard - top-selling products","2025-07-17 16:51:56"
1055,2,"Viewed dashboard - top-selling products","2025-07-17 16:51:57"
1056,2,"Đăng nhập thành công","2025-07-17 21:33:51"
1057,2,"Viewed dashboard - top-selling products","2025-07-17 21:34:04"
1058,2,"Đăng nhập thành công","2025-07-17 21:35:28"
1059,2,"Viewed dashboard - top-selling products","2025-07-17 21:35:30"
1060,2,"Viewed dashboard - top-selling products","2025-07-17 21:35:31"
1061,2,"Viewed dashboard - top-selling products","2025-07-17 21:49:50"
1062,2,"Viewed dashboard - top-selling products","2025-07-17 21:49:51"
1063,2,"Đăng nhập thành công","2025-07-17 21:52:20"
1064,2,"Viewed dashboard - top-selling products","2025-07-17 21:52:22"
1065,2,"Viewed dashboard - top-selling products","2025-07-17 21:52:25"
1066,2,"Xem tất cả sản phẩm","2025-07-17 21:55:39"
1067,2,"Xem tất cả sản phẩm","2025-07-17 21:56:12"
1068,2,"Xem tất cả sản phẩm","2025-07-17 21:56:31"
1069,2,"Xem tất cả sản phẩm","2025-07-17 22:00:34"
1070,2,"Xem tất cả sản phẩm","2025-07-17 22:00:51"
1071,2,"Xem tất cả sản phẩm","2025-07-17 22:01:56"
1072,2,"Xem tất cả sản phẩm","2025-07-17 22:01:56"
1073,2,"Xem tất cả sản phẩm","2025-07-17 22:09:02"
1074,2,"Xem tất cả sản phẩm","2025-07-17 22:09:03"
1075,2,"Xem tất cả sản phẩm","2025-07-17 22:12:55"
1076,2,"Xem tất cả sản phẩm","2025-07-17 22:12:55"
1077,2,"Đăng nhập thành công","2025-07-17 22:23:48"
1078,2,"Xem tất cả sản phẩm","2025-07-17 22:23:49"
1079,2,"Xem tất cả sản phẩm","2025-07-17 22:23:50"
1080,2,"Xem tất cả sản phẩm","2025-07-17 22:24:42"
1081,2,"Xem tất cả sản phẩm","2025-07-17 22:24:43"
1082,2,"Xem tất cả sản phẩm","2025-07-17 22:24:49"
1083,2,"Xem tất cả sản phẩm","2025-07-17 22:24:49"
1084,2,"Viewed dashboard - top-selling products","2025-07-17 22:24:57"
1085,2,"Viewed dashboard - top-selling products","2025-07-17 22:24:57"
1086,1,"Đăng nhập thành công","2025-07-17 22:26:02"
1087,1,"Tạo tài khoản mới","2025-07-17 22:27:56"
1088,2,"Đăng nhập thành công","2025-07-17 22:29:12"
1089,2,"Xem tất cả sản phẩm","2025-07-17 22:29:12"
1090,2,"Xem tất cả sản phẩm","2025-07-17 22:29:13"
1091,2,"Xem tất cả sản phẩm","2025-07-17 22:29:49"
1092,2,"Xem tất cả sản phẩm","2025-07-17 22:29:50"
1093,1,"Đăng nhập thành công","2025-07-17 22:30:39"
1094,1,"Tạo tài khoản mới","2025-07-17 22:31:22"
1095,1,"Đăng nhập thành công","2025-07-17 22:32:17"
1096,1,"Tạo tài khoản mới","2025-07-17 22:32:58"
1098,2,"Xem lịch sử đơn hàng","2025-07-17 22:34:02"
1099,2,"Xem lịch sử đơn hàng","2025-07-17 22:34:05"
1100,2,"Xem lịch sử đơn hàng","2025-07-17 22:34:09"
1101,2,"Xem lịch sử đơn hàng","2025-07-17 22:34:11"
1102,2,"Xem lịch sử đơn hàng","2025-07-17 22:35:00"
1103,2,"Xem lịch sử đơn hàng","2025-07-17 22:35:02"
1104,2,"Xem lịch sử đơn hàng","2025-07-17 22:35:13"
1105,2,"Xem lịch sử đơn hàng","2025-07-17 22:35:14"
1106,2,"Xem lịch sử đơn hàng","2025-07-17 22:35:27"
1107,2,"Xem lịch sử đơn hàng","2025-07-17 22:35:28"
1108,2,"Tạo đơn hàng","2025-07-17 22:36:07"
1109,2,"Thanh toán đơn hàng","2025-07-17 22:36:08"
1110,2,"Tạo đơn hàng","2025-07-17 22:36:09"
1111,2,"Thanh toán đơn hàng","2025-07-17 22:36:11"
1112,2,"Tạo đơn hàng","2025-07-17 22:36:48"
1113,2,"Thanh toán đơn hàng","2025-07-17 22:36:48"
1114,2,"Tạo đơn hàng","2025-07-17 22:38:41"
1115,2,"Thanh toán đơn hàng","2025-07-17 22:38:41"
1116,2,"Tạo đơn hàng","2025-07-17 22:42:32"
1117,2,"Thanh toán đơn hàng","2025-07-17 22:42:32"
1118,2,"Tạo đơn hàng","2025-07-17 22:44:06"
1119,2,"Thanh toán đơn hàng","2025-07-17 22:44:07"
1120,2,"Tạo đơn hàng","2025-07-17 22:54:53"
1121,2,"Thanh toán đơn hàng","2025-07-17 22:54:53"
1122,2,"Tạo đơn hàng","2025-07-17 23:59:00"
1123,2,"Thanh toán đơn hàng","2025-07-17 23:59:05"
1124,2,"Tạo đơn hàng","2025-07-18 00:04:42"
1125,2,"Thanh toán đơn hàng","2025-07-18 00:04:43"
1126,2,"Tạo đơn hàng","2025-07-18 00:05:47"
1127,2,"Thanh toán đơn hàng","2025-07-18 00:05:48"
1134,2,"Tạo đơn hàng","2025-07-18 00:47:51"
1135,2,"Thanh toán đơn hàng","2025-07-18 00:47:53"
1136,2,"Tạo đơn hàng","2025-07-18 00:50:37"
1137,2,"Thanh toán đơn hàng","2025-07-18 00:50:39"
1138,2,"Tạo đơn hàng","2025-07-18 00:53:00"
1139,2,"Thanh toán đơn hàng","2025-07-18 00:53:01"
1140,2,"Tạo đơn hàng","2025-07-18 01:13:22"
1141,2,"Thanh toán đơn hàng","2025-07-18 01:13:23"
1142,2,"Tạo đơn hàng","2025-07-18 01:13:31"
1143,2,"Thanh toán đơn hàng","2025-07-18 01:13:32"
1144,2,"Tạo đơn hàng","2025-07-18 01:14:04"
1145,2,"Thanh toán đơn hàng","2025-07-18 01:14:05"
1146,2,"Tạo đơn hàng","2025-07-18 01:44:58"
1147,2,"Thanh toán đơn hàng","2025-07-18 01:44:59"
1148,2,"Tạo đơn hàng","2025-07-18 01:58:59"
1149,2,"Thanh toán đơn hàng","2025-07-18 01:58:59"
1150,2,"Tạo đơn hàng","2025-07-18 02:00:48"
1151,2,"Thanh toán đơn hàng","2025-07-18 02:00:49"
1152,2,"Tạo đơn hàng","2025-07-18 02:01:03"
1153,2,"Thanh toán đơn hàng","2025-07-18 02:01:04"
1154,2,"Tạo đơn hàng","2025-07-18 02:36:20"
1155,2,"Thanh toán đơn hàng","2025-07-18 02:36:21"
1156,2,"Tạo đơn hàng","2025-07-18 02:47:09"
1157,2,"Thanh toán đơn hàng","2025-07-18 02:47:10"
1158,1,"Đăng nhập thành công","2025-07-18 04:01:41"
1159,1,"Đăng nhập thành công","2025-07-18 04:02:11"
1160,2,"Đăng nhập thành công","2025-07-18 04:02:49"
1161,2,"Xem tất cả sản phẩm","2025-07-18 04:02:50"
1162,2,"Xem tất cả sản phẩm","2025-07-18 04:02:51"
1163,2,"Viewed dashboard - top-selling products","2025-07-18 04:02:56"
1164,2,"Viewed dashboard - top-selling products","2025-07-18 04:02:58"
1165,2,"Xem tất cả sản phẩm","2025-07-18 04:03:00"
1166,2,"Xem tất cả sản phẩm","2025-07-18 04:03:00"
1167,2,"Viewed dashboard - top-selling products","2025-07-18 04:03:01"
1168,2,"Viewed dashboard - top-selling products","2025-07-18 04:03:01"
1169,2,"Xem tất cả sản phẩm","2025-07-18 04:03:03"
1170,2,"Xem tất cả sản phẩm","2025-07-18 04:03:03"
1171,2,"Viewed dashboard - top-selling products","2025-07-18 04:03:04"
1172,2,"Viewed dashboard - top-selling products","2025-07-18 04:03:05"
1173,2,"Xem tất cả sản phẩm","2025-07-18 04:03:24"
1174,2,"Xem tất cả sản phẩm","2025-07-18 04:03:30"
1175,2,"Đăng nhập thành công","2025-07-18 04:03:49"
1176,2,"Viewed dashboard - top-selling products","2025-07-18 04:03:50"
1177,2,"Viewed dashboard - top-selling products","2025-07-18 04:03:50"
1178,2,"Xem tất cả sản phẩm","2025-07-18 04:03:53"
1179,2,"Viewed dashboard - top-selling products","2025-07-18 04:03:57"
1180,2,"Viewed dashboard - top-selling products","2025-07-18 04:03:57"
1181,2,"Xem tất cả sản phẩm","2025-07-18 04:04:00"
1182,2,"Viewed dashboard - top-selling products","2025-07-18 04:04:04"
1183,2,"Viewed dashboard - top-selling products","2025-07-18 04:04:05"
1184,2,"Xem tất cả sản phẩm","2025-07-18 04:04:06"
1185,2,"Viewed dashboard - top-selling products","2025-07-18 04:04:09"
1186,2,"Viewed dashboard - top-selling products","2025-07-18 04:04:10"
1187,2,"Xem tất cả sản phẩm","2025-07-18 04:04:12"
1188,2,"Viewed dashboard - top-selling products","2025-07-18 04:04:13"
1189,2,"Viewed dashboard - top-selling products","2025-07-18 04:04:13"
1190,2,"Xem tất cả sản phẩm","2025-07-18 04:04:17"
1191,2,"Xem tất cả sản phẩm","2025-07-18 04:05:26"
1192,2,"Viewed dashboard - top-selling products","2025-07-18 04:05:26"
1193,2,"Viewed dashboard - top-selling products","2025-07-18 04:05:31"
1194,2,"Viewed dashboard - top-selling products","2025-07-18 04:05:35"
1195,2,"Viewed dashboard - top-selling products","2025-07-18 04:05:35"
1196,2,"Xem tất cả sản phẩm","2025-07-18 04:05:37"
1197,2,"Viewed dashboard - top-selling products","2025-07-18 04:05:42"
1198,2,"Viewed dashboard - top-selling products","2025-07-18 04:05:43"
1199,2,"Viewed dashboard - top-selling products","2025-07-18 04:05:46"
1200,2,"Viewed dashboard - top-selling products","2025-07-18 04:05:47"
1201,2,"Xem tất cả sản phẩm","2025-07-18 04:05:48"
1202,2,"Xem tất cả sản phẩm","2025-07-18 04:05:48"
1203,2,"Viewed dashboard - top-selling products","2025-07-18 04:05:49"
1204,2,"Viewed dashboard - top-selling products","2025-07-18 04:05:52"
1205,2,"Đăng nhập thành công","2025-07-18 04:07:20"
1206,2,"Xem tất cả sản phẩm","2025-07-18 04:07:21"
1207,2,"Xem tất cả sản phẩm","2025-07-18 04:07:21"
1208,2,"Xem tất cả sản phẩm","2025-07-18 04:07:22"
1209,2,"Xem tất cả sản phẩm","2025-07-18 04:07:22"
1210,2,"Xem tất cả sản phẩm","2025-07-18 04:08:08"
1211,2,"Xem tất cả sản phẩm","2025-07-18 04:08:08"
1212,2,"Viewed dashboard - top-selling products","2025-07-18 04:08:52"
1213,2,"Viewed dashboard - top-selling products","2025-07-18 04:08:52"
1215,2,"Tạo đơn hàng","2025-07-18 04:13:44"
1216,2,"Thanh toán đơn hàng","2025-07-18 04:13:44"
1217,1,"Đăng nhập thành công","2025-07-18 04:13:58"
1218,2,"Đăng nhập thành công","2025-07-18 04:14:33"
1219,2,"Xem tất cả sản phẩm","2025-07-18 04:14:34"
1220,2,"Xem tất cả sản phẩm","2025-07-18 04:14:34"
1221,2,"Xem tất cả sản phẩm","2025-07-18 04:14:58"
1222,2,"Xem tất cả sản phẩm","2025-07-18 04:14:58"
1223,2,"Viewed dashboard - top-selling products","2025-07-18 04:15:00"
1224,2,"Viewed dashboard - top-selling products","2025-07-18 04:15:00"
1225,1,"Đăng nhập thành công","2025-07-18 04:15:27"
1227,1,"Đăng nhập thành công","2025-07-18 04:28:11"
1233,2,"Tạo đơn hàng","2025-07-19 07:00:41"
1234,2,"Thanh toán đơn hàng","2025-07-19 07:00:44"
1235,2,"Thanh toán đơn hàng","2025-07-19 07:00:45"
1236,2,"Tạo đơn hàng","2025-07-19 07:00:46"
1242,1,"Đăng nhập thành công","2025-07-19 08:05:13"
1243,1,"Tạo bản tin: Hồi sinh loài chim quý hiếm","2025-07-19 09:36:08"
1244,1,"Tạo bản tin: Hồi sinh laoif chim quý","2025-07-19 09:36:31"
1245,1,"Đăng nhập thành công","2025-07-19 13:11:23"
1247,2,"Gửi đánh giá sản phẩm","2025-07-19 13:16:31"
1248,2,"Tạo đơn hàng","2025-07-19 13:17:10"
